{
  "model": "mamba_lite",
  "seeds": [
    0
  ],
  "summary": {
    "oa": {
      "mean": 0.13829602637515184,
      "std": 0.0,
      "coefficient_of_variation": 0.0,
      "worst_split": 0.13829602637515184
    },
    "aa": {
      "mean": 0.11731281834090923,
      "std": 0.0,
      "coefficient_of_variation": 0.0,
      "worst_split": 0.11731281834090923
    },
    "kappa": {
      "mean": -0.013404826876465492,
      "std": 0.0,
      "coefficient_of_variation": 0.0,
      "worst_split": -0.013404826876465492
    },
    "macro_f1": {
      "mean": 0.05297513250388304,
      "std": 0.0,
      "coefficient_of_variation": 0.0,
      "worst_split": 0.05297513250388304
    },
    "worst_class_accuracy": {
      "mean": 0.0,
      "std": 0.0,
      "coefficient_of_variation": 0.0,
      "worst_split": 0.0
    },
    "rare_class_accuracy": {
      "mean": 0.12911676646706588,
      "std": 0.0,
      "coefficient_of_variation": 0.0,
      "worst_split": 0.12911676646706588
    },
    "ece": {
      "mean": 0.00977083381556934,
      "std": 0.0,
      "coefficient_of_variation": 0.0,
      "worst_split": 0.00977083381556934
    }
  },
  "runs": [
    {
      "oa": 0.13829602637515184,
      "aa": 0.11731281834090923,
      "kappa": -0.013404826876465492,
      "macro_f1": 0.05297513250388304,
      "worst_class_accuracy": 0.0,
      "rare_class_accuracy": 0.12911676646706588,
      "per_class_accuracy": [
        0.0,
        0.0,
        0.5164670658682635,
        0.0,
        0.0,
        0.0,
        0.0,
        0.42203548085901027
      ],
      "per_class_f1": [
        0.0,
        0.0,
        0.18930041152263374,
        0.0,
        0.0,
        0.0,
        0.0,
        0.2345006485084306
      ],
      "class_support": [
        685,
        902,
        668,
        737,
        649,
        359,
        692,
        1071
      ],
      "confusion_matrix": [
        [
          0,
          0,
          425,
          0,
          0,
          0,
          0,
          260
        ],
        [
          0,
          0,
          234,
          0,
          0,
          0,
          0,
          668
        ],
        [
          0,
          0,
          345,
          0,
          0,
          0,
          0,
          323
        ],
        [
          0,
          0,
          381,
          0,
          0,
          0,
          0,
          356
        ],
        [
          0,
          0,
          457,
          0,
          0,
          0,
          0,
          192
        ],
        [
          0,
          0,
          130,
          0,
          0,
          0,
          0,
          229
        ],
        [
          2,
          0,
          386,
          0,
          0,
          0,
          0,
          304
        ],
        [
          0,
          0,
          619,
          0,
          0,
          0,
          0,
          452
        ]
      ],
      "ece": 0.00977083381556934
    }
  ]
}