{
  "best_oa": 0.16884649424722195,
  "final_metrics": {
    "OA": 0.11682564657291769,
    "AA": 0.194451718833931,
    "kappa": 0.061293653355835254,
    "worst_class": 0.0,
    "per_class": [
      0.0,
      0.0,
      0.0,
      0.1206896551724138,
      0.0,
      0.009655172413793104,
      1.0,
      0.0,
      0.13333333333333333,
      0.0,
      0.34653061224489795,
      0.0663265306122449,
      0.995,
      0.0,
      0.007874015748031496,
      0.4318181818181818
    ],
    "rare_class": 0.3912878787878788,
    "ECE_15": 0.044185704915868644
  },
  "num_train": 80,
  "num_test": 10169,
  "num_classes": 16,
  "num_params": 134666
}
