{
  "config": "configs\\synthetic.yaml",
  "low_label": [],
  "ablations": [
    {
      "case": "full",
      "updates": {},
      "summary": {
        "oa": {
          "mean": 0.5923997917751171,
          "std": 0.0,
          "coefficient_of_variation": 0.0,
          "worst_split": 0.5923997917751171
        },
        "aa": {
          "mean": 0.591685613568255,
          "std": 0.0,
          "coefficient_of_variation": 0.0,
          "worst_split": 0.591685613568255
        },
        "kappa": {
          "mean": 0.5341182570493535,
          "std": 0.0,
          "coefficient_of_variation": 0.0,
          "worst_split": 0.5341182570493535
        },
        "macro_f1": {
          "mean": 0.579968209100417,
          "std": 0.0,
          "coefficient_of_variation": 0.0,
          "worst_split": 0.579968209100417
        },
        "worst_class_accuracy": {
          "mean": 0.4097693351424695,
          "std": 0.0,
          "coefficient_of_variation": 0.0,
          "worst_split": 0.4097693351424695
        },
        "rare_class_accuracy": {
          "mean": 0.6402709806508464,
          "std": 0.0,
          "coefficient_of_variation": 0.0,
          "worst_split": 0.6402709806508464
        },
        "ece": {
          "mean": 0.04556578749917807,
          "std": 0.0,
          "coefficient_of_variation": 0.0,
          "worst_split": 0.04556578749917807
        },
        "mean_uncertainty": {
          "mean": 0.4552511217257804,
          "std": 0.0,
          "coefficient_of_variation": 0.0,
          "worst_split": 0.4552511217257804
        }
      }
    },
    {
      "case": "without_dro",
      "updates": {
        "loss": {
          "robust_weight": 0.0
        }
      },
      "summary": {
        "oa": {
          "mean": 0.597084851639771,
          "std": 0.0,
          "coefficient_of_variation": 0.0,
          "worst_split": 0.597084851639771
        },
        "aa": {
          "mean": 0.5983697648332434,
          "std": 0.0,
          "coefficient_of_variation": 0.0,
          "worst_split": 0.5983697648332434
        },
        "kappa": {
          "mean": 0.5399801267576656,
          "std": 0.0,
          "coefficient_of_variation": 0.0,
          "worst_split": 0.5399801267576656
        },
        "macro_f1": {
          "mean": 0.5862593297829655,
          "std": 0.0,
          "coefficient_of_variation": 0.0,
          "worst_split": 0.5862593297829655
        },
        "worst_class_accuracy": {
          "mean": 0.4421965317919075,
          "std": 0.0,
          "coefficient_of_variation": 0.0,
          "worst_split": 0.4421965317919075
        },
        "rare_class_accuracy": {
          "mean": 0.6381821529250244,
          "std": 0.0,
          "coefficient_of_variation": 0.0,
          "worst_split": 0.6381821529250244
        },
        "ece": {
          "mean": 0.04499761613627888,
          "std": 0.0,
          "coefficient_of_variation": 0.0,
          "worst_split": 0.04499761613627888
        },
        "mean_uncertainty": {
          "mean": 0.4290135486473873,
          "std": 0.0,
          "coefficient_of_variation": 0.0,
          "worst_split": 0.4290135486473873
        }
      }
    },
    {
      "case": "without_spectral_ssm",
      "updates": {
        "model": {
          "use_spectral": false
        }
      },
      "summary": {
        "oa": {
          "mean": 0.493492972410203,
          "std": 0.0,
          "coefficient_of_variation": 0.0,
          "worst_split": 0.493492972410203
        },
        "aa": {
          "mean": 0.47190038953260505,
          "std": 0.0,
          "coefficient_of_variation": 0.0,
          "worst_split": 0.47190038953260505
        },
        "kappa": {
          "mean": 0.42289456326182673,
          "std": 0.0,
          "coefficient_of_variation": 0.0,
          "worst_split": 0.42289456326182673
        },
        "macro_f1": {
          "mean": 0.4898180293126998,
          "std": 0.0,
          "coefficient_of_variation": 0.0,
          "worst_split": 0.4898180293126998
        },
        "worst_class_accuracy": {
          "mean": 0.2757660167130919,
          "std": 0.0,
          "coefficient_of_variation": 0.0,
          "worst_split": 0.2757660167130919
        },
        "rare_class_accuracy": {
          "mean": 0.4476755224822451,
          "std": 0.0,
          "coefficient_of_variation": 0.0,
          "worst_split": 0.4476755224822451
        },
        "ece": {
          "mean": 0.09195136942736043,
          "std": 0.0,
          "coefficient_of_variation": 0.0,
          "worst_split": 0.09195136942736043
        },
        "mean_uncertainty": {
          "mean": 0.5035194631367947,
          "std": 0.0,
          "coefficient_of_variation": 0.0,
          "worst_split": 0.5035194631367947
        }
      }
    },
    {
      "case": "spectral_transformer",
      "updates": {
        "model": {
          "spectral_backend": "transformer"
        }
      },
      "summary": {
        "oa": {
          "mean": 0.7487419746659726,
          "std": 0.0,
          "coefficient_of_variation": 0.0,
          "worst_split": 0.7487419746659726
        },
        "aa": {
          "mean": 0.7540739824762989,
          "std": 0.0,
          "coefficient_of_variation": 0.0,
          "worst_split": 0.7540739824762989
        },
        "kappa": {
          "mean": 0.7106296384541895,
          "std": 0.0,
          "coefficient_of_variation": 0.0,
          "worst_split": 0.7106296384541895
        },
        "macro_f1": {
          "mean": 0.7429042693303614,
          "std": 0.0,
          "coefficient_of_variation": 0.0,
          "worst_split": 0.7429042693303614
        },
        "worst_class_accuracy": {
          "mean": 0.44992295839753466,
          "std": 0.0,
          "coefficient_of_variation": 0.0,
          "worst_split": 0.44992295839753466
        },
        "rare_class_accuracy": {
          "mean": 0.7952002400085241,
          "std": 0.0,
          "coefficient_of_variation": 0.0,
          "worst_split": 0.7952002400085241
        },
        "ece": {
          "mean": 0.0803894214635919,
          "std": 0.0,
          "coefficient_of_variation": 0.0,
          "worst_split": 0.0803894214635919
        },
        "mean_uncertainty": {
          "mean": 0.39180439135824746,
          "std": 0.0,
          "coefficient_of_variation": 0.0,
          "worst_split": 0.39180439135824746
        }
      }
    },
    {
      "case": "spectral_cnn",
      "updates": {
        "model": {
          "spectral_backend": "cnn"
        }
      },
      "summary": {
        "oa": {
          "mean": 0.5219503730695818,
          "std": 0.0,
          "coefficient_of_variation": 0.0,
          "worst_split": 0.5219503730695818
        },
        "aa": {
          "mean": 0.5131701201743355,
          "std": 0.0,
          "coefficient_of_variation": 0.0,
          "worst_split": 0.5131701201743355
        },
        "kappa": {
          "mean": 0.4553701375424035,
          "std": 0.0,
          "coefficient_of_variation": 0.0,
          "worst_split": 0.4553701375424035
        },
        "macro_f1": {
          "mean": 0.5292433482844265,
          "std": 0.0,
          "coefficient_of_variation": 0.0,
          "worst_split": 0.5292433482844265
        },
        "worst_class_accuracy": {
          "mean": 0.36642335766423356,
          "std": 0.0,
          "coefficient_of_variation": 0.0,
          "worst_split": 0.36642335766423356
        },
        "rare_class_accuracy": {
          "mean": 0.4793416327494957,
          "std": 0.0,
          "coefficient_of_variation": 0.0,
          "worst_split": 0.4793416327494957
        },
        "ece": {
          "mean": 0.08241732235989513,
          "std": 0.0,
          "coefficient_of_variation": 0.0,
          "worst_split": 0.08241732235989513
        },
        "mean_uncertainty": {
          "mean": 0.4563608931989362,
          "std": 0.0,