{
  "seeds": [
    0
  ],
  "summary": {
    "oa": {
      "mean": 0.3485723716784948,
      "std": 0.0,
      "coefficient_of_variation": 0.0,
      "worst_split": 0.3485723716784948
    },
    "aa": {
      "mean": 0.3267745668223693,
      "std": 0.0,
      "coefficient_of_variation": 0.0,
      "worst_split": 0.3267745668223693
    },
    "kappa": {
      "mean": 0.25560351592325914,
      "std": 0.0,
      "coefficient_of_variation": 0.0,
      "worst_split": 0.25560351592325914
    },
    "macro_f1": {
      "mean": 0.31659652270986016,
      "std": 0.0,
      "coefficient_of_variation": 0.0,
      "worst_split": 0.31659652270986016
    },
    "worst_class_accuracy": {
      "mean": 0.0,
      "std": 0.0,
      "coefficient_of_variation": 0.0,
      "worst_split": 0.0
    },
    "rare_class_accuracy": {
      "mean": 0.28464835690193924,
      "std": 0.0,
      "coefficient_of_variation": 0.0,
      "worst_split": 0.28464835690193924
    },
    "ece": {
      "mean": 0.2051941203164039,
      "std": 0.0,
      "coefficient_of_variation": 0.0,
      "worst_split": 0.2051941203164039
    },
    "mean_uncertainty": {
      "mean": 0.5450625567767541,
      "std": 0.0,
      "coefficient_of_variation": 0.0,
      "worst_split": 0.5450625567767541
    }
  },
  "runs": [
    {
      "oa": 0.3485723716784948,
      "aa": 0.3267745668223693,
      "kappa": 0.25560351592325914,
      "macro_f1": 0.31659652270986016,
      "worst_class_accuracy": 0.0,
      "rare_class_accuracy": 0.28464835690193924,
      "per_class_accuracy": [
        0.0,
        0.597444089456869,
        0.5659574468085107,
        0.35142118863049093,
        0.47667638483965014,
        0.09595959595959595,
        0.18106995884773663,
        0.3456678700361011
      ],
      "per_class_f1": [
        0.0,
        0.55053974484789,
        0.25993485342019546,
        0.4918625678119349,
        0.3157894736842105,
        0.1039671682626539,
        0.3013698630136986,
        0.5093085106382979
      ],
      "class_support": [
        722,
        939,
        705,
        774,
        686,
        396,
        729,
        1108
      ],
      "confusion_matrix": [
        [
          0,
          29,
          250,
          60,
          329,
          40,
          1,
          13
        ],
        [
          0,
          561,
          294,
          0,
          53,
          30,
          1,
          0
        ],
        [
          0,
          212,
          399,
          0,
          53,
          40,
          1,
          0
        ],
        [
          0,
          33,
          279,
          272,
          150,
          40,
          0,
          0
        ],
        [
          0,
          30,
          279,
          0,
          327,
          49,
          1,
          0
        ],
        [
          0,
          26,
          285,
          0,
          47,
          38,
          0,
          0
        ],
        [
          0,
          169,
          280,
          0,
          102,
          46,
          132,
          0
        ],
        [
          0,
          39,
          299,
          0,
          324,
          52,
          11,
          383
        ]
      ],
      "ece": 0.2051941203164039,
      "mean_uncertainty": 0.5450625567767541
    }
  ]
}