{
  "seeds": [
    0
  ],
  "summary": {
    "oa": {
      "mean": 0.44743356989602245,
      "std": 0.0,
      "coefficient_of_variation": 0.0,
      "worst_split": 0.44743356989602245
    },
    "aa": {
      "mean": 0.44297668500993587,
      "std": 0.0,
      "coefficient_of_variation": 0.0,
      "worst_split": 0.44297668500993587
    },
    "kappa": {
      "mean": 0.36977508783927404,
      "std": 0.0,
      "coefficient_of_variation": 0.0,
      "worst_split": 0.36977508783927404
    },
    "macro_f1": {
      "mean": 0.43044918228697104,
      "std": 0.0,
      "coefficient_of_variation": 0.0,
      "worst_split": 0.43044918228697104
    },
    "worst_class_accuracy": {
      "mean": 0.0,
      "std": 0.0,
      "coefficient_of_variation": 0.0,
      "worst_split": 0.0
    },
    "rare_class_accuracy": {
      "mean": 0.3468794623864099,
      "std": 0.0,
      "coefficient_of_variation": 0.0,
      "worst_split": 0.3468794623864099
    },
    "ece": {
      "mean": 0.13565489188153906,
      "std": 0.0,
      "coefficient_of_variation": 0.0,
      "worst_split": 0.13565489188153906
    },
    "mean_uncertainty": {
      "mean": 0.5437669744486068,
      "std": 0.0,
      "coefficient_of_variation": 0.0,
      "worst_split": 0.5437669744486068
    }
  },
  "runs": [
    {
      "oa": 0.44743356989602245,
      "aa": 0.44297668500993587,
      "kappa": 0.36977508783927404,
      "macro_f1": 0.43044918228697104,
      "worst_class_accuracy": 0.0,
      "rare_class_accuracy": 0.3468794623864099,
      "per_class_accuracy": [
        0.0,
        0.5782747603833865,
        0.9460992907801419,
        0.4198966408268734,
        0.3075801749271137,
        0.13383838383838384,
        0.9794238683127572,
        0.17870036101083034
      ],
      "per_class_f1": [
        0.0,
        0.7283702213279678,
        0.9659666908037654,
        0.5066250974279034,
        0.4442105263157895,
        0.16692913385826771,
        0.32827586206896553,
        0.30321592649310875
      ],
      "class_support": [
        722,
        939,
        705,
        774,
        686,
        396,
        729,
        1108
      ],
      "confusion_matrix": [
        [
          0,
          0,
          0,
          180,
          35,
          0,
          507,
          0
        ],
        [
          0,
          543,
          5,
          2,
          0,
          186,
          203,
          0
        ],
        [
          0,
          7,
          667,
          0,
          0,
          0,
          31,
          0
        ],
        [
          0,
          0,
          0,
          325,
          0,
          0,
          449,
          0
        ],
        [
          0,
          0,
          0,
          1,
          211,
          0,
          474,
          0
        ],
        [
          0,
          2,
          4,
          0,
          0,
          53,
          337,
          0
        ],
        [
          0,
          0,
          0,
          1,
          14,
          0,
          714,
          0
        ],
        [
          0,
          0,
          0,
          0,
          4,
          0,
          906,
          198
        ]
      ],
      "ece": 0.13565489188153906,
      "mean_uncertainty": 0.5437669744486068
    }
  ]
}