{
  "seeds": [
    0
  ],
  "summary": {
    "oa": {
      "mean": 0.5923997917751171,
      "std": 0.0,
      "coefficient_of_variation": 0.0,
      "worst_split": 0.5923997917751171
    },
    "aa": {
      "mean": 0.591685613568255,
      "std": 0.0,
      "coefficient_of_variation": 0.0,
      "worst_split": 0.591685613568255
    },
    "kappa": {
      "mean": 0.5341182570493535,
      "std": 0.0,
      "coefficient_of_variation": 0.0,
      "worst_split": 0.5341182570493535
    },
    "macro_f1": {
      "mean": 0.579968209100417,
      "std": 0.0,
      "coefficient_of_variation": 0.0,
      "worst_split": 0.579968209100417
    },
    "worst_class_accuracy": {
      "mean": 0.4097693351424695,
      "std": 0.0,
      "coefficient_of_variation": 0.0,
      "worst_split": 0.4097693351424695
    },
    "rare_class_accuracy": {
      "mean": 0.6402709806508464,
      "std": 0.0,
      "coefficient_of_variation": 0.0,
      "worst_split": 0.6402709806508464
    },
    "ece": {
      "mean": 0.04556578749917807,
      "std": 0.0,
      "coefficient_of_variation": 0.0,
      "worst_split": 0.04556578749917807
    },
    "mean_uncertainty": {
      "mean": 0.4552511217257804,
      "std": 0.0,
      "coefficient_of_variation": 0.0,
      "worst_split": 0.4552511217257804
    }
  },
  "runs": [
    {
      "oa": 0.5923997917751171,
      "aa": 0.591685613568255,
      "kappa": 0.5341182570493535,
      "macro_f1": 0.579968209100417,
      "worst_class_accuracy": 0.4097693351424695,
      "rare_class_accuracy": 0.6402709806508464,
      "per_class_accuracy": [
        0.6846715328467153,
        0.7893569844789357,
        0.4595808383233533,
        0.4097693351424695,
        0.8012326656394453,
        0.6155988857938719,
        0.42052023121387283,
        0.5527544351073763
      ],
      "per_class_f1": [
        0.502410283877879,
        0.7401247401247402,
        0.5938104448742747,
        0.5725118483412323,
        0.578420467185762,
        0.40925925925925927,
        0.5532319391634981,
        0.6899766899766899
      ],
      "class_support": [
        685,
        902,
        668,
        737,
        649,
        359,
        692,
        1071
      ],
      "confusion_matrix": [
        [
          469,
          10,
          13,
          2,
          88,
          91,
          5,
          7
        ],
        [
          24,
          712,
          14,
          0,
          1,
          148,
          1,
          2
        ],
        [
          10,
          246,
          307,
          0,
          0,
          104,
          0,
          1
        ],
        [
          235,
          8,
          11,
          302,
          69,
          101,
          8,
          3
        ],
        [
          88,
          4,
          2,
          3,
          520,
          3,
          27,
          2
        ],
        [
          89,
          26,
          12,
          6,
          2,
          221,
          0,
          3
        ],
        [
          83,
          6,
          3,
          2,
          270,
          2,
          291,
          35
        ],
        [
          184,
          10,
          4,
          3,
          199,
          51,
          28,
          592
        ]
      ],
      "ece": 0.04556578749917807,
      "mean_uncertainty": 0.4552511217257804
    }
  ]
}