{
  "seeds": [
    0
  ],
  "summary": {
    "oa": {
      "mean": 0.6007287870900573,
      "std": 0.0,
      "coefficient_of_variation": 0.0,
      "worst_split": 0.6007287870900573
    },
    "aa": {
      "mean": 0.6009335017014886,
      "std": 0.0,
      "coefficient_of_variation": 0.0,
      "worst_split": 0.6009335017014886
    },
    "kappa": {
      "mean": 0.5440617057903021,
      "std": 0.0,
      "coefficient_of_variation": 0.0,
      "worst_split": 0.5440617057903021
    },
    "macro_f1": {
      "mean": 0.5941230355983127,
      "std": 0.0,
      "coefficient_of_variation": 0.0,
      "worst_split": 0.5941230355983127
    },
    "worst_class_accuracy": {
      "mean": 0.4735413839891452,
      "std": 0.0,
      "coefficient_of_variation": 0.0,
      "worst_split": 0.4735413839891452
    },
    "rare_class_accuracy": {
      "mean": 0.5966537875251426,
      "std": 0.0,
      "coefficient_of_variation": 0.0,
      "worst_split": 0.5966537875251426
    },
    "ece": {
      "mean": 0.05605162673167793,
      "std": 0.0,
      "coefficient_of_variation": 0.0,
      "worst_split": 0.05605162673167793
    },
    "mean_uncertainty": {
      "mean": 0.4539564487918805,
      "std": 0.0,
      "coefficient_of_variation": 0.0,
      "worst_split": 0.4539564487918805
    }
  },
  "runs": [
    {
      "oa": 0.6007287870900573,
      "aa": 0.6009335017014886,
      "kappa": 0.5440617057903021,
      "macro_f1": 0.5941230355983127,
      "worst_class_accuracy": 0.4735413839891452,
      "rare_class_accuracy": 0.5966537875251426,
      "per_class_accuracy": [
        0.5927007299270073,
        0.6895787139689579,
        0.6601796407185628,
        0.4735413839891452,
        0.4930662557781202,
        0.6406685236768802,
        0.6676300578034682,
        0.5901027077497666
      ],
      "per_class_f1": [
        0.4608399545970488,
        0.7525710828796128,
        0.6890625,
        0.6048526863084922,
        0.5589519650655022,
        0.3993055555555556,
        0.5796737766624843,
        0.7077267637178052
      ],
      "class_support": [
        685,
        902,
        668,
        737,
        649,
        359,
        692,
        1071
      ],
      "confusion_matrix": [
        [
          406,
          10,
          16,
          29,
          44,
          107,
          48,
          25
        ],
        [
          7,
          622,
          112,
          6,
          0,
          149,
          1,
          5
        ],
        [
          5,
          74,
          441,
          3,
          0,
          142,
          0,
          3
        ],
        [
          162,
          5,
          14,
          349,
          28,
          95,
          77,
          7
        ],
        [
          132,
          4,
          2,
          6,
          320,
          3,
          174,
          8
        ],
        [
          72,
          23,
          15,
          8,
          0,
          230,
          2,
          9
        ],
        [
          130,
          5,
          3,
          7,
          58,
          1,
          462,
          26
        ],
        [
          163,
          8,
          9,
          9,
          46,
          66,
          138,
          632
        ]
      ],
      "ece": 0.05605162673167793,
      "mean_uncertainty": 0.4539564487918805
    }
  ]
}