{
  "name": "knn",
  "family": "shallow",
  "fit_seconds": 0.01713085174560547,
  "metrics": {
    "OA": 0.3727996853181237,
    "AA": 0.5076622725209037,
    "kappa": 0.3047782225846536,
    "worst_class": 0.09448818897637795,
    "per_class": [
      0.8536585365853658,
      0.20941672522839072,
      0.1503030303030303,
      0.34051724137931033,
      0.6192468619246861,
      0.4827586206896552,
      0.9565217391304348,
      0.11627906976744186,
      0.6666666666666666,
      0.34126163391933817,
      0.3693877551020408,
      0.477891156462585,
      0.96,
      0.5523809523809524,
      0.09448818897637795,
      0.9318181818181818
    ],
    "rare_class": 0.8521662810501622,
    "ECE_15": 0.1406106561105832
  }
}