{
  "name": "svm",
  "family": "shallow",
  "fit_seconds": 0.039231300354003906,
  "metrics": {
    "OA": 0.38450191759268365,
    "AA": 0.49189800327014765,
    "kappa": 0.31104175704035264,
    "worst_class": 0.08668076109936575,
    "per_class": [
      0.8536585365853658,
      0.09205903021784961,
      0.17696969696969697,
      0.31896551724137934,
      0.45397489539748953,
      0.5186206896551724,
      0.9565217391304348,
      0.08668076109936575,
      0.6666666666666666,
      0.5201654601861427,
      0.5138775510204082,
      0.11904761904761904,
      0.995,
      0.5587301587301587,
      0.10761154855643044,
      0.9318181818181818
    ],
    "rare_class": 0.8521662810501622,
    "ECE_15": 0.021315728055861075
  }
}