{
  "best_oa": 0.6332972760350084,
  "final_metrics": {
    "OA": 0.6296587668403972,
    "AA": 0.7836541861736972,
    "kappa": 0.5911118577362026,
    "worst_class": 0.2690909090909091,
    "per_class": [
      0.975609756097561,
      0.5748418833450457,
      0.2690909090909091,
      0.7112068965517241,
      0.6317991631799164,
      0.9048275862068965,
      1.0,
      0.9830866807610994,
      1.0,
      0.8531540847983454,
      0.34408163265306124,
      0.641156462585034,
      0.995,
      0.8357142857142857,
      0.8188976377952756,
      1.0
    ],
    "rare_class": 0.9939024390243902,
    "ECE_15": 0.47295026790267514
  },
  "num_train": 80,
  "num_test": 10169,
  "num_classes": 16,
  "num_params": 134666
}