{
  "name": "rf",
  "family": "shallow",
  "fit_seconds": 0.6388051509857178,
  "metrics": {
    "OA": 0.43268757989969514,
    "AA": 0.5658149420579377,
    "kappa": 0.37220815166613597,
    "worst_class": 0.1890909090909091,
    "per_class": [
      0.8780487804878049,
      0.20660576247364723,
      0.1890909090909091,
      0.3879310344827586,
      0.6799163179916318,
      0.5682758620689655,
      0.9565217391304348,
      0.42071881606765327,
      0.6666666666666666,
      0.6153050672182007,
      0.36489795918367346,
      0.3469387755102041,
      0.975,
      0.6404761904761904,
      0.2020997375328084,
      0.9545454545454546
    ],
    "rare_class": 0.8639456602075902,
    "ECE_15": 0.039864288282342834
  }
}