{
  "seeds": [
    0
  ],
  "summary": {
    "oa": {
      "mean": 0.5219503730695818,
      "std": 0.0,
      "coefficient_of_variation": 0.0,
      "worst_split": 0.5219503730695818
    },
    "aa": {
      "mean": 0.5131701201743355,
      "std": 0.0,
      "coefficient_of_variation": 0.0,
      "worst_split": 0.5131701201743355
    },
    "kappa": {
      "mean": 0.4553701375424035,
      "std": 0.0,
      "coefficient_of_variation": 0.0,
      "worst_split": 0.4553701375424035
    },
    "macro_f1": {
      "mean": 0.5292433482844265,
      "std": 0.0,
      "coefficient_of_variation": 0.0,
      "worst_split": 0.5292433482844265
    },
    "worst_class_accuracy": {
      "mean": 0.36642335766423356,
      "std": 0.0,
      "coefficient_of_variation": 0.0,
      "worst_split": 0.36642335766423356
    },
    "rare_class_accuracy": {
      "mean": 0.4793416327494957,
      "std": 0.0,
      "coefficient_of_variation": 0.0,
      "worst_split": 0.4793416327494957
    },
    "ece": {
      "mean": 0.08241732235989513,
      "std": 0.0,
      "coefficient_of_variation": 0.0,
      "worst_split": 0.08241732235989513
    },
    "mean_uncertainty": {
      "mean": 0.4563608931989362,
      "std": 0.0,
      "coefficient_of_variation": 0.0,
      "worst_split": 0.4563608931989362
    }
  },
  "runs": [
    {
      "oa": 0.5219503730695818,
      "aa": 0.5131701201743355,
      "kappa": 0.4553701375424035,
      "macro_f1": 0.5292433482844265,
      "worst_class_accuracy": 0.36642335766423356,
      "rare_class_accuracy": 0.4793416327494957,
      "per_class_accuracy": [
        0.36642335766423356,
        0.5787139689578714,
        0.5404191616766467,
        0.4681139755766621,
        0.4283513097072419,
        0.5821727019498607,
        0.4754335260115607,
        0.6657329598506069
      ],
      "per_class_f1": [
        0.5045226130653266,
        0.717032967032967,
        0.6261925411968777,
        0.5847457627118644,
        0.4524003254678601,
        0.22,
        0.5243027888446216,
        0.6047497879558948
      ],
      "class_support": [
        685,
        902,
        668,
        737,
        649,
        359,
        692,
        1071
      ],
      "confusion_matrix": [
        [
          251,
          5,
          21,
          15,
          51,
          177,
          26,
          139
        ],
        [
          6,
          522,
          36,
          13,
          24,
          228,
          23,
          50
        ],
        [
          9,
          6,
          361,
          8,
          22,
          221,
          19,
          22
        ],
        [
          17,
          2,
          14,
          345,
          54,
          175,
          38,
          92
        ],
        [
          6,
          4,
          8,
          17,
          278,
          172,
          41,
          123
        ],
        [
          6,
          3,
          17,
          12,
          27,
          209,
          29,
          56
        ],
        [
          8,
          6,
          12,
          16,
          55,
          174,
          329,
          92
        ],
        [
          7,
          6,
          16,
          17,
          69,
          185,
          58,
          713
        ]
      ],
      "ece": 0.08241732235989513,
      "mean_uncertainty": 0.4563608931989362
    }
  ]
}