{
  "model": "spectralformer_lite",
  "seeds": [
    0
  ],
  "summary": {
    "oa": {
      "mean": 0.37011972930765225,
      "std": 0.0,
      "coefficient_of_variation": 0.0,
      "worst_split": 0.37011972930765225
    },
    "aa": {
      "mean": 0.3865406517084472,
      "std": 0.0,
      "coefficient_of_variation": 0.0,
      "worst_split": 0.3865406517084472
    },
    "kappa": {
      "mean": 0.2850839404884391,
      "std": 0.0,
      "coefficient_of_variation": 0.0,
      "worst_split": 0.2850839404884391
    },
    "macro_f1": {
      "mean": 0.26103021226881484,
      "std": 0.0,
      "coefficient_of_variation": 0.0,
      "worst_split": 0.26103021226881484
    },
    "worst_class_accuracy": {
      "mean": 0.0,
      "std": 0.0,
      "coefficient_of_variation": 0.0,
      "worst_split": 0.0
    },
    "rare_class_accuracy": {
      "mean": 0.5233576642335767,
      "std": 0.0,
      "coefficient_of_variation": 0.0,
      "worst_split": 0.5233576642335767
    },
    "ece": {
      "mean": 0.17105693027891677,
      "std": 0.0,
      "coefficient_of_variation": 0.0,
      "worst_split": 0.17105693027891677
    }
  },
  "runs": [
    {
      "oa": 0.37011972930765225,
      "aa": 0.3865406517084472,
      "kappa": 0.2850839404884391,
      "macro_f1": 0.26103021226881484,
      "worst_class_accuracy": 0.0,
      "rare_class_accuracy": 0.5233576642335767,
      "per_class_accuracy": [
        0.09343065693430656,
        0.2893569844789357,
        1.0,
        0.0,
        1.0,
        0.0,
        0.7095375722543352,
        0.0
      ],
      "per_class_f1": [
        0.1414364640883978,
        0.39938791124713086,
        0.6630272952853598,
        0.0,
        0.4784371544415776,
        0.0,
        0.4059528730880529,
        0.0
      ],
      "class_support": [
        685,
        902,
        668,
        737,
        649,
        359,
        692,
        1071
      ],
      "confusion_matrix": [
        [
          64,
          0,
          0,
          0,
          575,
          0,
          46,
          0
        ],
        [
          0,
          261,
          641,
          0,
          0,
          0,
          0,
          0
        ],
        [
          0,
          0,
          668,
          0,
          0,
          0,
          0,
          0
        ],
        [
          78,
          1,
          0,
          0,
          48,
          0,
          610,
          0
        ],
        [
          0,
          0,
          0,
          0,
          649,
          0,
          0,
          0
        ],
        [
          0,
          124,
          38,
          0,
          0,
          0,
          197,
          0
        ],
        [
          0,
          0,
          0,
          0,
          201,
          0,
          491,
          0
        ],
        [
          78,
          19,
          0,
          0,
          591,
          0,
          383,
          0
        ]
      ],
      "ece": 0.17105693027891677
    }
  ]
}