{
  "seeds": [
    0
  ],
  "summary": {
    "oa": {
      "mean": 0.6153045288912025,
      "std": 0.0,
      "coefficient_of_variation": 0.0,
      "worst_split": 0.6153045288912025
    },
    "aa": {
      "mean": 0.6274605712449011,
      "std": 0.0,
      "coefficient_of_variation": 0.0,
      "worst_split": 0.6274605712449011
    },
    "kappa": {
      "mean": 0.5604185085676199,
      "std": 0.0,
      "coefficient_of_variation": 0.0,
      "worst_split": 0.5604185085676199
    },
    "macro_f1": {
      "mean": 0.601152415263772,
      "std": 0.0,
      "coefficient_of_variation": 0.0,
      "worst_split": 0.601152415263772
    },
    "worst_class_accuracy": {
      "mean": 0.3649932157394844,
      "std": 0.0,
      "coefficient_of_variation": 0.0,
      "worst_split": 0.3649932157394844
    },
    "rare_class_accuracy": {
      "mean": 0.7090209877689462,
      "std": 0.0,
      "coefficient_of_variation": 0.0,
      "worst_split": 0.7090209877689462
    },
    "ece": {
      "mean": 0.09605872868695192,
      "std": 0.0,
      "coefficient_of_variation": 0.0,
      "worst_split": 0.09605872868695192
    },
    "mean_uncertainty": {
      "mean": 0.4520020298963617,
      "std": 0.0,
      "coefficient_of_variation": 0.0,
      "worst_split": 0.4520020298963617
    }
  },
  "runs": [
    {
      "oa": 0.6153045288912025,
      "aa": 0.6274605712449011,
      "kappa": 0.5604185085676199,
      "macro_f1": 0.601152415263772,
      "worst_class_accuracy": 0.3649932157394844,
      "rare_class_accuracy": 0.7090209877689462,
      "per_class_accuracy": [
        0.5313868613138686,
        0.7815964523281597,
        0.5838323353293413,
        0.3649932157394844,
        0.8489984591679507,
        0.871866295264624,
        0.41329479768786126,
        0.6237161531279178
      ],
      "per_class_f1": [
        0.5294545454545454,
        0.7568438003220612,
        0.6782608695652174,
        0.5321463897131553,
        0.597289972899729,
        0.48489542989930284,
        0.5355805243445693,
        0.6947477899115965
      ],
      "class_support": [
        685,
        902,
        668,
        737,
        649,
        359,
        692,
        1071
      ],
      "confusion_matrix": [
        [
          364,
          3,
          7,
          5,
          72,
          179,
          5,
          50
        ],
        [
          1,
          705,
          63,
          0,
          0,
          133,
          0,
          0
        ],
        [
          0,
          233,
          390,
          0,
          0,
          45,
          0,
          0
        ],
        [
          154,
          3,
          12,
          269,
          70,
          187,
          20,
          22
        ],
        [
          33,
          1,
          0,
          0,
          551,
          0,
          27,
          37
        ],
        [
          17,
          13,
          10,
          0,
          1,
          313,
          1,
          4
        ],
        [
          23,
          2,
          0,
          0,
          306,
          4,
          286,
          71
        ],
        [
          98,
          1,
          0,
          0,
          196,
          71,
          37,
          668
        ]
      ],
      "ece": 0.09605872868695192,
      "mean_uncertainty": 0.4520020298963617
    }
  ]
}