{
  "config": "configs\\synthetic.yaml",
  "baselines": {
    "spectralformer_lite": {
      "model": "spectralformer_lite",
      "seeds": [
        0
      ],
      "summary": {
        "oa": {
          "mean": 0.37011972930765225,
          "std": 0.0,
          "coefficient_of_variation": 0.0,
          "worst_split": 0.37011972930765225
        },
        "aa": {
          "mean": 0.3865406517084472,
          "std": 0.0,
          "coefficient_of_variation": 0.0,
          "worst_split": 0.3865406517084472
        },
        "kappa": {
          "mean": 0.2850839404884391,
          "std": 0.0,
          "coefficient_of_variation": 0.0,
          "worst_split": 0.2850839404884391
        },
        "macro_f1": {
          "mean": 0.26103021226881484,
          "std": 0.0,
          "coefficient_of_variation": 0.0,
          "worst_split": 0.26103021226881484
        },
        "worst_class_accuracy": {
          "mean": 0.0,
          "std": 0.0,
          "coefficient_of_variation": 0.0,
          "worst_split": 0.0
        },
        "rare_class_accuracy": {
          "mean": 0.5233576642335767,
          "std": 0.0,
          "coefficient_of_variation": 0.0,
          "worst_split": 0.5233576642335767
        },
        "ece": {
          "mean": 0.17105693027891677,
          "std": 0.0,
          "coefficient_of_variation": 0.0,
          "worst_split": 0.17105693027891677
        }
      },
      "runs": [
        {
          "oa": 0.37011972930765225,
          "aa": 0.3865406517084472,
          "kappa": 0.2850839404884391,
          "macro_f1": 0.26103021226881484,
          "worst_class_accuracy": 0.0,
          "rare_class_accuracy": 0.5233576642335767,
          "per_class_accuracy": [
            0.09343065693430656,
            0.2893569844789357,
            1.0,
            0.0,
            1.0,
            0.0,
            0.7095375722543352,
            0.0
          ],
          "per_class_f1": [
            0.1414364640883978,
            0.39938791124713086,
            0.6630272952853598,
            0.0,
            0.4784371544415776,
            0.0,
            0.4059528730880529,
            0.0
          ],
          "class_support": [
            685,
            902,
            668,
            737,
            649,
            359,
            692,
            1071
          ],
          "confusion_matrix": [
            [
              64,
              0,
              0,
              0,
              575,
              0,
              46,
              0
            ],
            [
              0,
              261,
              641,
              0,
              0,
              0,
              0,
              0
            ],
            [
              0,
              0,
              668,
              0,
              0,
              0,
              0,
              0
            ],
            [
              78,
              1,
              0,
              0,
              48,
              0,
              610,
              0
            ],
            [
              0,
              0,
              0,
              0,
              649,
              0,
              0,
              0
            ],
            [
              0,
              124,
              38,
              0,
              0,
              0,
              197,
              0
            ],
            [
              0,
              0,
              0,
              0,
              201,
              0,
              491,
              0
            ],
            [
              78,
              19,
              0,
              0,
              591,
              0,
              383,
              0
            ]
          ],
          "ece": 0.17105693027891677
        }
      ]
    },
    "ssftt_lite": {
      "model": "ssftt_lite",
      "seeds": [
        0
      ],
      "summary": {
        "oa": {
          "mean": 0.4549713690786049,
          "std": 0.0,
          "coefficient_of_variation": 0.0,
          "worst_split": 0.4549713690786049
        },
        "aa": {
          "mean": 0.4314901242535279,
          "std": 0.0,
          "coefficient_of_variation": 0.0,
          "worst_split": 0.4314901242535279
        },
        "kappa": {
          "mean": 0.3774433683792894,
          "std": 0.0,
          "coefficient_of_variation": 0.0,
          "worst_split": 0.3774433683792894
        },
        "macro_f1": {
          "mean": 0.4132185802436009,
          "std": 0.0,
          "coefficient_of_variation": 0.0,
          "worst_split": 0.4132185802436009
        },
        "worst_class_accuracy": {
          "mean": 0.0,
          "std": 0.0,
          "coefficient_of_variation": 0.0,
          "worst_split": 0.0
        },
        "rare_class_accuracy": {
          "mean": 0.3244337060563903,
          "std": 0.0,
          "coefficient_of_variation": 0.0,
          "worst_split": 0.3244337060563903
        },
        "ece": {
          "mean": 0.1562728215356099,
          "std": 0.0,
          "coefficient_of_variation": 0.0,
          "worst_split": 0.1562728215356099
        }
      },
      "runs": [
        {
          "oa": 0.4549713690786049,
          "aa": 0.4314901242535279,
          "kappa": 0.3774433683792894,
          "macro_f1": 0.4132185802436009,
          "worst_class_accuracy": 0.0,
          "rare_class_accuracy": 0.3244337060563903,
          "per_class_accuracy": [
            0.0,
            0.6718403547671841,
            0.5494011976047904,
            0.4830393487109905,
            0.3667180277349769,
            0.3816155988857939,
            0.40173410404624277,
            0.5975723622782446
          ],
          "per_class_f1": [
            0.0,
            0.5752254390128144,
            0.4672183322724379,
            0.48140635564570655,
            0.40202702702702703,
            0.17586649550706032,
            0.5220657276995305,
            0.6819392647842302
          ],
          "class_support": [
            685,
            902,
            668,
            737,
            649,
            359,
            692,
            1071
          ],
          "confusion_matrix": [
            [
              0,
              78,
              61,
              260,
              77,
              140,
              13,
              56
            ],
            [
              0,
              606,
              84,
              19,
              30,
              142,
              10,
              11
            ],
            [
              0,
              88,
              367,
              11,
              34,
              147,
              12,
              9
            ],
            [
              0,
              82,
              98,
              356,
              42,
              135,
              15,
              9
            ],
            [
              0,
              77,
              67,
              36,
              238,
              173,
              19,
              39
            ],
            [
              0,
              88,
              71,
              21,
              22,
              137,
              11,
              9
            ],
            [
              0,
              87,
              76,
              26,
              40,
              152,
              278,
              33
            ],
            [
              0,
              99,
              79,
              13,
              52,
              173,
              15,
              640
            ]
          ],
          "ece": 0.1562728215356099
        }
      ]
    },
    "nonlocal_gcn_lite": {
      "model": "nonlocal_gcn_lite",
      "seeds": [
        0
      ],
      "summary": {
        "oa": {
          "mean": 0.7058823529411765,
          "std": 0.0,
          "coefficient_of_variation": 0.0,
          "worst_split": 0.7058823529411765
        },