{
  "seeds": [
    0
  ],
  "summary": {
    "oa": {
      "mean": 0.597084851639771,
      "std": 0.0,
      "coefficient_of_variation": 0.0,
      "worst_split": 0.597084851639771
    },
    "aa": {
      "mean": 0.5983697648332434,
      "std": 0.0,
      "coefficient_of_variation": 0.0,
      "worst_split": 0.5983697648332434
    },
    "kappa": {
      "mean": 0.5399801267576656,
      "std": 0.0,
      "coefficient_of_variation": 0.0,
      "worst_split": 0.5399801267576656
    },
    "macro_f1": {
      "mean": 0.5862593297829655,
      "std": 0.0,
      "coefficient_of_variation": 0.0,
      "worst_split": 0.5862593297829655
    },
    "worst_class_accuracy": {
      "mean": 0.4421965317919075,
      "std": 0.0,
      "coefficient_of_variation": 0.0,
      "worst_split": 0.4421965317919075
    },
    "rare_class_accuracy": {
      "mean": 0.6381821529250244,
      "std": 0.0,
      "coefficient_of_variation": 0.0,
      "worst_split": 0.6381821529250244
    },
    "ece": {
      "mean": 0.04499761613627888,
      "std": 0.0,
      "coefficient_of_variation": 0.0,
      "worst_split": 0.04499761613627888
    },
    "mean_uncertainty": {
      "mean": 0.4290135486473873,
      "std": 0.0,
      "coefficient_of_variation": 0.0,
      "worst_split": 0.4290135486473873
    }
  },
  "runs": [
    {
      "oa": 0.597084851639771,
      "aa": 0.5983697648332434,
      "kappa": 0.5399801267576656,
      "macro_f1": 0.5862593297829655,
      "worst_class_accuracy": 0.4421965317919075,
      "rare_class_accuracy": 0.6381821529250244,
      "per_class_accuracy": [
        0.5591240875912409,
        0.779379157427938,
        0.5254491017964071,
        0.44776119402985076,
        0.8135593220338984,
        0.6545961002785515,
        0.4421965317919075,
        0.5648926237161531
      ],
      "per_class_f1": [
        0.49934810951760106,
        0.7384453781512605,
        0.627906976744186,
        0.6055045871559633,
        0.564404061998931,
        0.398981324278438,
        0.556869881710646,
        0.6986143187066974
      ],
      "class_support": [
        685,
        902,
        668,
        737,
        649,
        359,
        692,
        1071
      ],
      "confusion_matrix": [
        [
          383,
          10,
          14,
          10,
          112,
          140,
          6,
          10
        ],
        [
          7,
          703,
          45,
          1,
          0,
          142,
          1,
          3
        ],
        [
          4,
          229,
          351,
          0,
          0,
          83,
          0,
          1
        ],
        [
          131,
          6,
          17,
          330,
          96,
          135,
          17,
          5
        ],
        [
          71,
          4,
          2,
          2,
          528,
          6,
          35,
          1
        ],
        [
          61,
          37,
          14,
          4,
          3,
          235,
          0,
          5
        ],
        [
          67,
          5,
          3,
          3,
          275,
          2,
          306,
          31
        ],
        [
          125,
          8,
          4,
          3,
          208,
          76,
          42,
          605
        ]
      ],
      "ece": 0.04499761613627888,
      "mean_uncertainty": 0.4290135486473873
    }
  ]
}