{
  "dataset": "indian_pines",
  "seed": 0,
  "samples_per_class": 5,
  "rows": [
    {
      "name": "cnn3d",
      "family": "deep",
      "num_params": 18136,
      "fit_seconds": 229.35561323165894,
      "best_oa": 0.24092831153505753,
      "metrics": {
        "OA": 0.24092831153505753,
        "AA": 0.0625,
        "kappa": 0.0,
        "worst_class": 0.0,
        "per_class": [
          0.0,
          0.0,
          0.0,
          0.0,
          0.0,
          0.0,
          0.0,
          0.0,
          0.0,
          0.0,
          1.0,
          0.0,
          0.0,
          0.0,
          0.0,
          0.0
        ],
        "rare_class": 0.0,
        "ECE_15": 0.15699094224804352
      }
    }
  ]
}