{
  "config": "configs\\synthetic.yaml",
  "baselines": {
    "spectral_mlp": {
      "model": "spectral_mlp",
      "seeds": [
        0
      ],
      "summary": {
        "oa": {
          "mean": 0.47301752559430854,
          "std": 0.0,
          "coefficient_of_variation": 0.0,
          "worst_split": 0.47301752559430854
        },
        "aa": {
          "mean": 0.4738339802607613,
          "std": 0.0,
          "coefficient_of_variation": 0.0,
          "worst_split": 0.4738339802607613
        },
        "kappa": {
          "mean": 0.3926948420340395,
          "std": 0.0,
          "coefficient_of_variation": 0.0,
          "worst_split": 0.3926948420340395
        },
        "macro_f1": {
          "mean": 0.41987451025070255,
          "std": 0.0,
          "coefficient_of_variation": 0.0,
          "worst_split": 0.41987451025070255
        },
        "worst_class_accuracy": {
          "mean": 0.002890173410404624,
          "std": 0.0,
          "coefficient_of_variation": 0.0,
          "worst_split": 0.002890173410404624
        },
        "rare_class_accuracy": {
          "mean": 0.6022702358698295,
          "std": 0.0,
          "coefficient_of_variation": 0.0,
          "worst_split": 0.6022702358698295
        },
        "ece": {
          "mean": 0.31877611594576194,
          "std": 0.0,
          "coefficient_of_variation": 0.0,
          "worst_split": 0.31877611594576194
        }
      },
      "runs": [
        {
          "oa": 0.47301752559430854,
          "aa": 0.4738339802607613,
          "kappa": 0.3926948420340395,
          "macro_f1": 0.41987451025070255,
          "worst_class_accuracy": 0.002890173410404624,
          "rare_class_accuracy": 0.6022702358698295,
          "per_class_accuracy": [
            0.2656934306569343,
            0.1130820399113082,
            1.0,
            0.5223880597014925,
            0.6224961479198767,
            0.520891364902507,
            0.002890173410404624,
            0.7432306255835668
          ],
          "per_class_f1": [
            0.37995824634655534,
            0.20318725099601595,
            0.908843537414966,
            0.5767790262172284,
            0.3788091889357712,
            0.3492063492063492,
            0.005763688760806916,
            0.5564487941279272
          ],
          "class_support": [
            685,
            902,
            668,
            737,
            649,
            359,
            692,
            1071
          ],
          "confusion_matrix": [
            [
              182,
              0,
              0,
              56,
              210,
              0,
              0,
              237
            ],
            [
              0,
              102,
              131,
              57,
              93,
              519,
              0,
              0
            ],
            [
              0,
              0,
              668,
              0,
              0,
              0,
              0,
              0
            ],
            [
              60,
              0,
              0,
              385,
              119,
              6,
              0,
              167
            ],
            [
              28,
              0,
              0,
              0,
              404,
              0,
              0,
              217
            ],
            [
              0,
              0,
              3,
              100,
              0,
              187,
              0,
              69
            ],
            [
              0,
              0,
              0,
              0,
              386,
              0,
              2,
              304
            ],
            [
              3,
              0,
              0,
              0,
              272,
              0,
              0,
              796
            ]
          ],
          "ece": 0.31877611594576194
        }
      ]
    },
    "cnn2d": {
      "model": "cnn2d",
      "seeds": [
        0
      ],
      "summary": {
        "oa": {
          "mean": 0.4124587888252646,
          "std": 0.0,
          "coefficient_of_variation": 0.0,
          "worst_split": 0.4124587888252646
        },
        "aa": {
          "mean": 0.38948810767049213,
          "std": 0.0,
          "coefficient_of_variation": 0.0,
          "worst_split": 0.38948810767049213
        },
        "kappa": {
          "mean": 0.3288304404410526,
          "std": 0.0,
          "coefficient_of_variation": 0.0,
          "worst_split": 0.3288304404410526
        },
        "macro_f1": {
          "mean": 0.3607978836357438,
          "std": 0.0,
          "coefficient_of_variation": 0.0,
          "worst_split": 0.3607978836357438
        },
        "worst_class_accuracy": {
          "mean": 0.0,
          "std": 0.0,
          "coefficient_of_variation": 0.0,
          "worst_split": 0.0
        },
        "rare_class_accuracy": {
          "mean": 0.44740709834702846,
          "std": 0.0,
          "coefficient_of_variation": 0.0,
          "worst_split": 0.44740709834702846
        },
        "ece": {
          "mean": 0.22964699009413028,
          "std": 0.0,
          "coefficient_of_variation": 0.0,
          "worst_split": 0.22964699009413028
        }
      },
      "runs": [
        {
          "oa": 0.4124587888252646,
          "aa": 0.38948810767049213,
          "kappa": 0.3288304404410526,
          "macro_f1": 0.3607978836357438,
          "worst_class_accuracy": 0.0,
          "rare_class_accuracy": 0.44740709834702846,
          "per_class_accuracy": [
            0.44963503649635034,
            0.5354767184035477,
            0.6497005988023952,
            0.0,
            0.6902927580893683,
            0.0,
            0.37716763005780346,
            0.41363211951447243
          ],
          "per_class_f1": [
            0.34014356709000554,
            0.6817219477769937,
            0.42033898305084744,
            0.0,
            0.34316353887399464,
            0.0,
            0.5158102766798419,
            0.5852047556142669
          ],
          "class_support": [
            685,
            902,
            668,
            737,
            649,
            359,
            692,
            1071
          ],
          "confusion_matrix": [
            [
              308,
              3,
              118,
              0,
              252,
              0,
              4,
              0
            ],
            [
              57,
              483,
              185,
              0,
              172,
              0,
              5,
              0
            ],
            [
              43,
              3,
              434,
              0,
              181,
              0,
              7,
              0
            ],
            [
              383,
              5,
              148,
              0,
              195,
              0,
              6,
              0
            ],
            [
              80,
              4,
              108,
              0,
              448,
              0,
              9,
              0
            ],
            [
              62,
              4,
              124,
              0,
              167,
              0,
              2,
              0
            ],
            [
              77,
              5,
              138,
              0,
              211,
              0,
              261,
              0
            ],
            [
              116,
              8,
              142,
              0,
              336,
              0,
              26,
              443
            ]
          ],
          "ece": 0.22964699009413028
        }
      ]
    }
  }
}