{
  "model": "nonlocal_gcn_lite",
  "seeds": [
    0
  ],
  "summary": {
    "oa": {
      "mean": 0.7058823529411765,
      "std": 0.0,
      "coefficient_of_variation": 0.0,
      "worst_split": 0.7058823529411765
    },
    "aa": {
      "mean": 0.7129182790289901,
      "std": 0.0,
      "coefficient_of_variation": 0.0,
      "worst_split": 0.7129182790289901
    },
    "kappa": {
      "mean": 0.6602776523157986,
      "std": 0.0,
      "coefficient_of_variation": 0.0,
      "worst_split": 0.6602776523157986
    },
    "macro_f1": {
      "mean": 0.7166157759118023,
      "std": 0.0,
      "coefficient_of_variation": 0.0,
      "worst_split": 0.7166157759118023
    },
    "worst_class_accuracy": {
      "mean": 0.5445255474452555,
      "std": 0.0,
      "coefficient_of_variation": 0.0,
      "worst_split": 0.5445255474452555
    },
    "rare_class_accuracy": {
      "mean": 0.7231694594686262,
      "std": 0.0,
      "coefficient_of_variation": 0.0,
      "worst_split": 0.7231694594686262
    },
    "ece": {
      "mean": 0.46891001173807856,
      "std": 0.0,
      "coefficient_of_variation": 0.0,
      "worst_split": 0.46891001173807856
    }
  },
  "runs": [
    {
      "oa": 0.7058823529411765,
      "aa": 0.7129182790289901,
      "kappa": 0.6602776523157986,
      "macro_f1": 0.7166157759118023,
      "worst_class_accuracy": 0.5445255474452555,
      "rare_class_accuracy": 0.7231694594686262,
      "per_class_accuracy": [
        0.5445255474452555,
        0.6906873614190687,
        0.7634730538922155,
        0.621438263229308,
        0.7072419106317411,
        0.8774373259052924,
        0.7254335260115607,
        0.773109243697479
      ],
      "per_class_f1": [
        0.5694656488549619,
        0.7210648148148148,
        0.7029634734665747,
        0.6155913978494624,
        0.6533807829181495,
        0.9224011713030746,
        0.7943037974683544,
        0.7537551206190259
      ],
      "class_support": [
        685,
        902,
        668,
        737,
        649,
        359,
        692,
        1071
      ],
      "confusion_matrix": [
        [
          373,
          0,
          0,
          264,
          46,
          0,
          0,
          2
        ],
        [
          0,
          623,
          273,
          0,
          0,
          0,
          0,
          6
        ],
        [
          0,
          158,
          510,
          0,
          0,
          0,
          0,
          0
        ],
        [
          252,
          3,
          0,
          458,
          13,
          9,
          0,
          2
        ],
        [
          0,
          1,
          0,
          15,
          459,
          0,
          44,
          130
        ],
        [
          0,
          27,
          0,
          0,
          0,
          315,
          0,
          17
        ],
        [
          0,
          10,
          0,
          1,
          38,
          0,
          502,
          141
        ],
        [
          0,
          4,
          0,
          13,
          200,
          0,
          26,
          828
        ]
      ],
      "ece": 0.46891001173807856
    }
  ]
}